Workbook

Sheet points-table
A1: round | B1: start_date | C1: end_date | D1: start_hour | E1: end_hour | F1: lucas | G1: tomas
A2: group-stage-1 | B2: 46184 | C2: 46191 | D2: 0 | E2: 0.41666667 | F2: =+SUM('group-stage-1'!J2:J25,'group-stage-1'!M2:M25) -> 16 | G2: =+SUM('group-stage-1'!K2:K25,'group-stage-1'!O2:O25) -> 10
A3: group-stage-2 | B3: 46191 | C3: 46197 | D3: 0.41736111 | E3: 0.41666667 | F3: =+SUM('group-stage-2'!J2:J25,'group-stage-2'!M2:M25) -> 29.1 | G3: =+SUM('group-stage-2'!K2:K25,'group-stage-2'!O2:O25) -> 29
A4: group-stage-3 | B4: 46197 | C4: 46201 | D4: 0.41736111 | E4: 0.41666667 | F4: =+SUM('group-stage-3'!J2:J25,'group-stage-3'!M2:M25) -> 20.3 | G4: =+SUM('group-stage-3'!K2:K25,'group-stage-3'!O2:O25) -> 19.3
A5: round-of-32 | B5: 46201 | C5: 46207 | D5: 0.41736111 | E5: 0.41666667 | F5: =+SUM('round-of-32'!J2:J25,'round-of-32'!M2:M25) -> 0 | G5: =+SUM('round-of-32'!K2:K25,'round-of-32'!O2:O25) -> 0
A6: round-of-16 | B6: 46207 | C6: 46211 | D6: 0.41736111 | E6: 0.625
A7: quaterfinals | B7: 46211 | C7: 46216 | D7: 0.62569444 | E7: 0.625
A8: semifinals | B8: 46216 | C8: 46220 | D8: 0.62569444 | E8: 0.625
A9: final-3rd-place | B9: 46220 | D9: 0.62569444
A10: total | F10: =+SUM(F2:F9) -> 65.4 | G10: =+SUM(G2:G9) -> 58.3

Sheet team-codes
A1: team | B1: fifa_code
A2: Alemania | B2: GER
A3: Arabia Saudita | B3: KSA
A4: Argelia | B4: ALG
A5: Argentina | B5: ARG
A6: Australia | B6: AUS
A7: Austria | B7: AUT
A8: Bélgica | B8: BEL
A9: Bosnia | B9: BIH
A10: Brasil | B10: BRA
A11: Cabo Verde | B11: CPV
A12: Canadá | B12: CAN
... A49: Uzbekistán | B49: UZB

Sheet match-times
A1: match-id | B1: team_1 | C1: team_2 | D1: round | E1: d | F1: m | G1: hr | H1: min
A2: 1 | B2: Corea del Sur | C2: Rep. Checa | D2: group-stage-1 | E2: 11 | F2: 6 | G2: 23 | H2: 0
A3: 2 | B3: Canadá | C3: Bosnia | D3: group-stage-1 | E3: 12 | F3: 6 | G3: 16 | H3: 0
A4: 3 | B4: EEUU | C4: Paraguay | D4: group-stage-1 | E4: 12 | F4: 6 | G4: 22 | H4: 0
A5: 4 | B5: Catar | C5: Suiza | D5: group-stage-1 | E5: 13 | F5: 6 | G5: 16 | H5: 0
A6: 5 | B6: Brasil | C6: Marruecos | D6: group-stage-1 | E6: 13 | F6: 6 | G6: 19 | H6: 0
A7: 6 | B7: Haití | C7: Escocia | D7: group-stage-1 | E7: 13 | F7: 6 | G7: 22 | H7: 0
A8: 7 | B8: Australia | C8: Turquía | D8: group-stage-1 | E8: 14 | F8: 6 | G8: 1 | H8: 0
A9: 8 | B9: Alemania | C9: Curazao | D9: group-stage-1 | E9: 14 | F9: 6 | G9: 14 | H9: 0
A10: 9 | B10: Holanda | C10: Japón | D10: group-stage-1 | E10: 14 | F10: 6 | G10: 17 | H10: 0
A11: 10 | B11: Costa de Marfil | C11: Ecuador | D11: group-stage-1 | E11: 14 | F11: 6 | G11: 20 | H11: 0
A12: 11 | B12: Suecia | C12: Túnez | D12: group-stage-1 | E12: 14 | F12: 6 | G12: 23 | H12: 0
A13: 12 | B13: España | C13: Cabo Verde | D13: group-stage-1 | E13: 15 | F13: 6 | G13: 13 | H13: 0
... A72: 71 | B72: Argentina | C72: Jordania | D72: group-stage-3 | E72: 27 | F72: 6 | G72: 23 | H72: 0

Sheet final-3rd-place
A1: match_id | B1: team_1 | C1: team_2 | D1: lucas_result_team_1 | E1: lucas_result_team_2 | F1: tomas_result_team_1 | G1: tomas_result_team_2 | H1: result_team1 | I1: result_team2 | J1: pts_lucas | K1: pts_tomas | L1: lucas_player_name | M1: lucas_player_pts | N1: tomas_player_name | O1: tomas_player_pts
A2: 102 | J2: =IF(OR(H2="",I2=""),"",IF(AND(D2=H2,E2=I2),3,IF(OR(AND(D2> E2,H2>I2),AND(D2= E2,H2=I2),AND(D2< E2,H2<I2)),1,0))) | K2: =IF(OR(H2="",I2=""),"",IF(AND(F2=H2,G2=I2),3,IF(OR(AND(F2> G2,H2>I2),AND(F2= G2,H2=I2),AND(F2< G2,H2<I2)),1,0)))
A3: 103 | J3: =IF(OR(H3="",I3=""),"",IF(AND(D3=H3,E3=I3),3,IF(OR(AND(D3> E3,H3>I3),AND(D3= E3,H3=I3),AND(D3< E3,H3<I3)),1,0))) | K3: =IF(OR(H3="",I3=""),"",IF(AND(F3=H3,G3=I3),3,IF(OR(AND(F3> G3,H3>I3),AND(F3= G3,H3=I3),AND(F3< G3,H3<I3)),1,0)))

Sheet semifinals
A1: match_id | B1: team_1 | C1: team_2 | D1: lucas_result_team_1 | E1: lucas_result_team_2 | F1: tomas_result_team_1 | G1: tomas_result_team_2 | H1: result_team_1 | I1: result_team_2 | J1: pts_lucas | K1: pts_tomas | L1: lucas_player_name | M1: lucas_player_pts | N1: tomas_player_name | O1: tomas_player_pts
A2: 100 | J2: =IF(OR(H2="",I2=""),"",IF(AND(D2=H2,E2=I2),3,IF(OR(AND(D2> E2,H2>I2),AND(D2= E2,H2=I2),AND(D2< E2,H2<I2)),1,0))) | K2: =IF(OR(H2="",I2=""),"",IF(AND(F2=H2,G2=I2),3,IF(OR(AND(F2> G2,H2>I2),AND(F2= G2,H2=I2),AND(F2< G2,H2<I2)),1,0)))
A3: 101 | J3: =IF(OR(H3="",I3=""),"",IF(AND(D3=H3,E3=I3),3,IF(OR(AND(D3> E3,H3>I3),AND(D3= E3,H3=I3),AND(D3< E3,H3<I3)),1,0))) | K3: =IF(OR(H3="",I3=""),"",IF(AND(F3=H3,G3=I3),3,IF(OR(AND(F3> G3,H3>I3),AND(F3= G3,H3=I3),AND(F3< G3,H3<I3)),1,0)))

Sheet quaterfinals
A1: match_id | B1: team_1 | C1: team_2 | D1: lucas_result_team_1 | E1: lucas_result_team_2 | F1: tomas_result_team_1 | G1: tomas_result_team_2 | H1: result_team_1 | I1: result_team_2 | J1: pts_lucas | K1: pts_tomas | L1: lucas_player_name | M1: lucas_player_pts | N1: tomas_player_name | O1: tomas_player_pts
A2: 96 | J2: =IF(OR(H2="",I2=""),"",IF(AND(D2=H2,E2=I2),3,IF(OR(AND(D2> E2,H2>I2),AND(D2= E2,H2=I2),AND(D2< E2,H2<I2)),1,0))) | K2: =IF(OR(H2="",I2=""),"",IF(AND(F2=H2,G2=I2),3,IF(OR(AND(F2> G2,H2>I2),AND(F2= G2,H2=I2),AND(F2< G2,H2<I2)),1,0)))
A3: 97 | J3: =IF(OR(H3="",I3=""),"",IF(AND(D3=H3,E3=I3),3,IF(OR(AND(D3> E3,H3>I3),AND(D3= E3,H3=I3),AND(D3< E3,H3<I3)),1,0))) | K3: =IF(OR(H3="",I3=""),"",IF(AND(F3=H3,G3=I3),3,IF(OR(AND(F3> G3,H3>I3),AND(F3= G3,H3=I3),AND(F3< G3,H3<I3)),1,0)))
A4: 98 | J4: =IF(OR(H4="",I4=""),"",IF(AND(D4=H4,E4=I4),3,IF(OR(AND(D4> E4,H4>I4),AND(D4= E4,H4=I4),AND(D4< E4,H4<I4)),1,0))) | K4: =IF(OR(H4="",I4=""),"",IF(AND(F4=H4,G4=I4),3,IF(OR(AND(F4> G4,H4>I4),AND(F4= G4,H4=I4),AND(F4< G4,H4<I4)),1,0)))
A5: 99 | J5: =IF(OR(H5="",I5=""),"",IF(AND(D5=H5,E5=I5),3,IF(OR(AND(D5> E5,H5>I5),AND(D5= E5,H5=I5),AND(D5< E5,H5<I5)),1,0))) | K5: =IF(OR(H5="",I5=""),"",IF(AND(F5=H5,G5=I5),3,IF(OR(AND(F5> G5,H5>I5),AND(F5= G5,H5=I5),AND(F5< G5,H5<I5)),1,0)))

Sheet round-of-16
A1: match_id | B1: team_1 | C1: team_2 | D1: lucas_result_team_1 | E1: lucas_result_team_2 | F1: tomas_result_team_1 | G1: tomas_result_team_2 | H1: result_team_1 | I1: result_team_2 | J1: pts_lucas | K1: pts_tomas | L1: lucas_player_name | M1: lucas_player_pts | N1: tomas_player_name | O1: tomas_player_pts
A2: 88 | J2: =IF(OR(H2="",I2=""),"",IF(AND(D2=H2,E2=I2),3,IF(OR(AND(D2> E2,H2>I2),AND(D2= E2,H2=I2),AND(D2< E2,H2<I2)),1,0))) | K2: =IF(OR(H2="",I2=""),"",IF(AND(F2=H2,G2=I2),3,IF(OR(AND(F2> G2,H2>I2),AND(F2= G2,H2=I2),AND(F2< G2,H2<I2)),1,0)))
A3: 89 | J3: =IF(OR(H3="",I3=""),"",IF(AND(D3=H3,E3=I3),3,IF(OR(AND(D3> E3,H3>I3),AND(D3= E3,H3=I3),AND(D3< E3,H3<I3)),1,0))) | K3: =IF(OR(H3="",I3=""),"",IF(AND(F3=H3,G3=I3),3,IF(OR(AND(F3> G3,H3>I3),AND(F3= G3,H3=I3),AND(F3< G3,H3<I3)),1,0)))
A4: 90 | J4: =IF(OR(H4="",I4=""),"",IF(AND(D4=H4,E4=I4),3,IF(OR(AND(D4> E4,H4>I4),AND(D4= E4,H4=I4),AND(D4< E4,H4<I4)),1,0))) | K4: =IF(OR(H4="",I4=""),"",IF(AND(F4=H4,G4=I4),3,IF(OR(AND(F4> G4,H4>I4),AND(F4= G4,H4=I4),AND(F4< G4,H4<I4)),1,0)))
A5: 91 | J5: =IF(OR(H5="",I5=""),"",IF(AND(D5=H5,E5=I5),3,IF(OR(AND(D5> E5,H5>I5),AND(D5= E5,H5=I5),AND(D5< E5,H5<I5)),1,0))) | K5: =IF(OR(H5="",I5=""),"",IF(AND(F5=H5,G5=I5),3,IF(OR(AND(F5> G5,H5>I5),AND(F5= G5,H5=I5),AND(F5< G5,H5<I5)),1,0)))
A6: 92 | J6: =IF(OR(H6="",I6=""),"",IF(AND(D6=H6,E6=I6),3,IF(OR(AND(D6> E6,H6>I6),AND(D6= E6,H6=I6),AND(D6< E6,H6<I6)),1,0))) | K6: =IF(OR(H6="",I6=""),"",IF(AND(F6=H6,G6=I6),3,IF(OR(AND(F6> G6,H6>I6),AND(F6= G6,H6=I6),AND(F6< G6,H6<I6)),1,0)))
A7: 93 | J7: =IF(OR(H7="",I7=""),"",IF(AND(D7=H7,E7=I7),3,IF(OR(AND(D7> E7,H7>I7),AND(D7= E7,H7=I7),AND(D7< E7,H7<I7)),1,0))) | K7: =IF(OR(H7="",I7=""),"",IF(AND(F7=H7,G7=I7),3,IF(OR(AND(F7> G7,H7>I7),AND(F7= G7,H7=I7),AND(F7< G7,H7<I7)),1,0)))
A8: 94 | J8: =IF(OR(H8="",I8=""),"",IF(AND(D8=H8,E8=I8),3,IF(OR(AND(D8> E8,H8>I8),AND(D8= E8,H8=I8),AND(D8< E8,H8<I8)),1,0))) | K8: =IF(OR(H8="",I8=""),"",IF(AND(F8=H8,G8=I8),3,IF(OR(AND(F8> G8,H8>I8),AND(F8= G8,H8=I8),AND(F8< G8,H8<I8)),1,0)))
A9: 95 | J9: =IF(OR(H9="",I9=""),"",IF(AND(D9=H9,E9=I9),3,IF(OR(AND(D9> E9,H9>I9),AND(D9= E9,H9=I9),AND(D9< E9,H9<I9)),1,0))) | K9: =IF(OR(H9="",I9=""),"",IF(AND(F9=H9,G9=I9),3,IF(OR(AND(F9> G9,H9>I9),AND(F9= G9,H9=I9),AND(F9< G9,H9<I9)),1,0)))

Sheet round-of-32
A1: match_id | B1: team_1 | C1: team_2 | D1: lucas_result_team_1 | E1: lucas_result_team_2 | F1: tomas_result_team_1 | G1: tomas_result_team_2 | H1: result_team_1 | I1: result_team_2 | J1: pts_lucas | K1: pts_tomas | L1: lucas_player_name | M1: lucas_player_pts | N1: tomas_player_name | O1: tomas_player_pts
A2: 72 | J2: =IF(OR(H2="",I2=""),"",IF(AND(D2=H2,E2=I2),3,IF(OR(AND(D2> E2,H2>I2),AND(D2= E2,H2=I2),AND(D2< E2,H2<I2)),1,0))) | K2: =IF(OR(H2="",I2=""),"",IF(AND(F2=H2,G2=I2),3,IF(OR(AND(F2> G2,H2>I2),AND(F2= G2,H2=I2),AND(F2< G2,H2<I2)),1,0)))
A3: 73 | J3: =IF(OR(H3="",I3=""),"",IF(AND(D3=H3,E3=I3),3,IF(OR(AND(D3> E3,H3>I3),AND(D3= E3,H3=I3),AND(D3< E3,H3<I3)),1,0))) | K3: =IF(OR(H3="",I3=""),"",IF(AND(F3=H3,G3=I3),3,IF(OR(AND(F3> G3,H3>I3),AND(F3= G3,H3=I3),AND(F3< G3,H3<I3)),1,0)))
A4: 74 | J4: =IF(OR(H4="",I4=""),"",IF(AND(D4=H4,E4=I4),3,IF(OR(AND(D4> E4,H4>I4),AND(D4= E4,H4=I4),AND(D4< E4,H4<I4)),1,0))) | K4: =IF(OR(H4="",I4=""),"",IF(AND(F4=H4,G4=I4),3,IF(OR(AND(F4> G4,H4>I4),AND(F4= G4,H4=I4),AND(F4< G4,H4<I4)),1,0)))
A5: 75 | J5: =IF(OR(H5="",I5=""),"",IF(AND(D5=H5,E5=I5),3,IF(OR(AND(D5> E5,H5>I5),AND(D5= E5,H5=I5),AND(D5< E5,H5<I5)),1,0))) | K5: =IF(OR(H5="",I5=""),"",IF(AND(F5=H5,G5=I5),3,IF(OR(AND(F5> G5,H5>I5),AND(F5= G5,H5=I5),AND(F5< G5,H5<I5)),1,0)))
A6: 76 | J6: =IF(OR(H6="",I6=""),"",IF(AND(D6=H6,E6=I6),3,IF(OR(AND(D6> E6,H6>I6),AND(D6= E6,H6=I6),AND(D6< E6,H6<I6)),1,0))) | K6: =IF(OR(H6="",I6=""),"",IF(AND(F6=H6,G6=I6),3,IF(OR(AND(F6> G6,H6>I6),AND(F6= G6,H6=I6),AND(F6< G6,H6<I6)),1,0)))
A7: 77 | J7: =IF(OR(H7="",I7=""),"",IF(AND(D7=H7,E7=I7),3,IF(OR(AND(D7> E7,H7>I7),AND(D7= E7,H7=I7),AND(D7< E7,H7<I7)),1,0))) | K7: =IF(OR(H7="",I7=""),"",IF(AND(F7=H7,G7=I7),3,IF(OR(AND(F7> G7,H7>I7),AND(F7= G7,H7=I7),AND(F7< G7,H7<I7)),1,0)))
A8: 78 | J8: =IF(OR(H8="",I8=""),"",IF(AND(D8=H8,E8=I8),3,IF(OR(AND(D8> E8,H8>I8),AND(D8= E8,H8=I8),AND(D8< E8,H8<I8)),1,0))) | K8: =IF(OR(H8="",I8=""),"",IF(AND(F8=H8,G8=I8),3,IF(OR(AND(F8> G8,H8>I8),AND(F8= G8,H8=I8),AND(F8< G8,H8<I8)),1,0)))
A9: 79 | J9: =IF(OR(H9="",I9=""),"",IF(AND(D9=H9,E9=I9),3,IF(OR(AND(D9> E9,H9>I9),AND(D9= E9,H9=I9),AND(D9< E9,H9<I9)),1,0))) | K9: =IF(OR(H9="",I9=""),"",IF(AND(F9=H9,G9=I9),3,IF(OR(AND(F9> G9,H9>I9),AND(F9= G9,H9=I9),AND(F9< G9,H9<I9)),1,0)))
A10: 80 | J10: =IF(OR(H10="",I10=""),"",IF(AND(D10=H10,E10=I10),3,IF(OR(AND(D10> E10,H10>I10),AND(D10= E10,H10=I10),AND(D10< E10,H10<I10)),1,0))) | K10: =IF(OR(H10="",I10=""),"",IF(AND(F10=H10,G10=I10),3,IF(OR(AND(F10> G10,H10>I10),AND(F10= G10,H10=I10),AND(F10< G10,H10<I10)),1,0)))
A11: 81 | J11: =IF(OR(H11="",I11=""),"",IF(AND(D11=H11,E11=I11),3,IF(OR(AND(D11> E11,H11>I11),AND(D11= E11,H11=I11),AND(D11< E11,H11<I11)),1,0))) | K11: =IF(OR(H11="",I11=""),"",IF(AND(F11=H11,G11=I11),3,IF(OR(AND(F11> G11,H11>I11),AND(F11= G11,H11=I11),AND(F11< G11,H11<I11)),1,0)))
A12: 82 | J12: =IF(OR(H12="",I12=""),"",IF(AND(D12=H12,E12=I12),3,IF(OR(AND(D12> E12,H12>I12),AND(D12= E12,H12=I12),AND(D12< E12,H12<I12)),1,0))) | K12: =IF(OR(H12="",I12=""),"",IF(AND(F12=H12,G12=I12),3,IF(OR(AND(F12> G12,H12>I12),AND(F12= G12,H12=I12),AND(F12< G12,H12<I12)),1,0)))
A13: 83 | J13: =IF(OR(H13="",I13=""),"",IF(AND(D13=H13,E13=I13),3,IF(OR(AND(D13> E13,H13>I13),AND(D13= E13,H13=I13),AND(D13< E13,H13<I13)),1,0))) | K13: =IF(OR(H13="",I13=""),"",IF(AND(F13=H13,G13=I13),3,IF(OR(AND(F13> G13,H13>I13),AND(F13= G13,H13=I13),AND(F13< G13,H13<I13)),1,0)))
... A17: 87 | J17: =IF(OR(H17="",I17=""),"",IF(AND(D17=H17,E17=I17),3,IF(OR(AND(D17> E17,H17>I17),AND(D17= E17,H17=I17),AND(D17< E17,H17<I17)),1,0))) | K17: =IF(OR(H17="",I17=""),"",IF(AND(F17=H17,G17=I17),3,IF(OR(AND(F17> G17,H17>I17),AND(F17= G17,H17=I17),AND(F17< G17,H17<I17)),1,0)))

Sheet group-stage-3
A1: match_id | B1: team_1 | C1: team_2 | D1: lucas_result_team_1 | E1: lucas_result_team_2 | F1: tomas_result_team_1 | G1: tomas_result_team_2 | H1: result_team_1 | I1: result_team_2 | J1: pts_lucas | K1: pts_tomas | L1: lucas_player_name | M1: lucas_player_pts | N1: tomas_player_name | O1: tomas_player_pts
A2: 48 | B2: Bosnia | C2: Qatar | D2: 1 | E2: 1 | F2: 2 | G2: 0 | H2: 3 | I2: 1 | J2: =IF(OR(H2="",I2=""),"",IF(AND(D2=H2,E2=I2),3,IF(OR(AND(D2> E2,H2>I2),AND(D2= E2,H2=I2),AND(D2< E2,H2<I2)),1,0))) -> 0 | K2: =IF(OR(H2="",I2=""),"",IF(AND(F2=H2,G2=I2),3,IF(OR(AND(F2> G2,H2>I2),AND(F2= G2,H2=I2),AND(F2< G2,H2<I2)),1,0))) -> 1
A3: 49 | B3: Suiza | C3: Canadá | D3: 1 | E3: 2 | F3: 1 | G3: 3 | H3: 2 | I3: 1 | J3: =IF(OR(H3="",I3=""),"",IF(AND(D3=H3,E3=I3),3,IF(OR(AND(D3> E3,H3>I3),AND(D3= E3,H3=I3),AND(D3< E3,H3<I3)),1,0))) -> 0 | K3: =IF(OR(H3="",I3=""),"",IF(AND(F3=H3,G3=I3),3,IF(OR(AND(F3> G3,H3>I3),AND(F3= G3,H3=I3),AND(F3< G3,H3<I3)),1,0))) -> 0
A4: 50 | B4: Marruecos | C4: Haití | D4: 3 | E4: 0 | F4: 3 | G4: 0 | H4: 4 | I4: 2 | J4: =IF(OR(H4="",I4=""),"",IF(AND(D4=H4,E4=I4),3,IF(OR(AND(D4> E4,H4>I4),AND(D4= E4,H4=I4),AND(D4< E4,H4<I4)),1,0))) -> 1 | K4: =IF(OR(H4="",I4=""),"",IF(AND(F4=H4,G4=I4),3,IF(OR(AND(F4> G4,H4>I4),AND(F4= G4,H4=I4),AND(F4< G4,H4<I4)),1,0))) -> 1 | N4: Saibiri | O4: 7.3
A5: 51 | B5: Escocia | C5: Brasil | D5: 0 | E5: 2 | F5: 1 | G5: 2 | H5: 0 | I5: 3 | J5: =IF(OR(H5="",I5=""),"",IF(AND(D5=H5,E5=I5),3,IF(OR(AND(D5> E5,H5>I5),AND(D5= E5,H5=I5),AND(D5< E5,H5<I5)),1,0))) -> 1 | K5: =IF(OR(H5="",I5=""),"",IF(AND(F5=H5,G5=I5),3,IF(OR(AND(F5> G5,H5>I5),AND(F5= G5,H5=I5),AND(F5< G5,H5<I5)),1,0))) -> 1
A6: 52 | B6: Sudáfrica | C6: Corea del Sur | D6: 1 | E6: 2 | F6: 0 | G6: 2 | H6: 1 | I6: 0 | J6: =IF(OR(H6="",I6=""),"",IF(AND(D6=H6,E6=I6),3,IF(OR(AND(D6> E6,H6>I6),AND(D6= E6,H6=I6),AND(D6< E6,H6<I6)),1,0))) -> 0 | K6: =IF(OR(H6="",I6=""),"",IF(AND(F6=H6,G6=I6),3,IF(OR(AND(F6> G6,H6>I6),AND(F6= G6,H6=I6),AND(F6< G6,H6<I6)),1,0))) -> 0
A7: 53 | B7: Rep. Checa | C7: México | D7: 2 | E7: 2 | F7: 0 | G7: 0 | H7: 0 | I7: 3 | J7: =IF(OR(H7="",I7=""),"",IF(AND(D7=H7,E7=I7),3,IF(OR(AND(D7> E7,H7>I7),AND(D7= E7,H7=I7),AND(D7< E7,H7<I7)),1,0))) -> 0 | K7: =IF(OR(H7="",I7=""),"",IF(AND(F7=H7,G7=I7),3,IF(OR(AND(F7> G7,H7>I7),AND(F7= G7,H7=I7),AND(F7< G7,H7<I7)),1,0))) -> 0
A8: 54 | B8: Curazao | C8: Costa de Marfil | D8: 0 | E8: 2 | F8: 0 | G8: 3 | H8: 0 | I8: 2 | J8: =IF(OR(H8="",I8=""),"",IF(AND(D8=H8,E8=I8),3,IF(OR(AND(D8> E8,H8>I8),AND(D8= E8,H8=I8),AND(D8< E8,H8<I8)),1,0))) -> 3 | K8: =IF(OR(H8="",I8=""),"",IF(AND(F8=H8,G8=I8),3,IF(OR(AND(F8> G8,H8>I8),AND(F8= G8,H8=I8),AND(F8< G8,H8<I8)),1,0))) -> 1
A9: 55 | B9: Ecuador | C9: Alemania | D9: 1 | E9: 3 | F9: 1 | G9: 3 | H9: 2 | I9: 1 | J9: =IF(OR(H9="",I9=""),"",IF(AND(D9=H9,E9=I9),3,IF(OR(AND(D9> E9,H9>I9),AND(D9= E9,H9=I9),AND(D9< E9,H9<I9)),1,0))) -> 0 | K9: =IF(OR(H9="",I9=""),"",IF(AND(F9=H9,G9=I9),3,IF(OR(AND(F9> G9,H9>I9),AND(F9= G9,H9=I9),AND(F9< G9,H9<I9)),1,0))) -> 0
A10: 56 | B10: Túnez | C10: Holanda | D10: 0 | E10: 4 | F10: 0 | G10: 4 | H10: 1 | I10: 3 | J10: =IF(OR(H10="",I10=""),"",IF(AND(D10=H10,E10=I10),3,IF(OR(AND(D10> E10,H10>I10),AND(D10= E10,H10=I10),AND(D10< E10,H10<I10)),1,0))) -> 1 | K10: =IF(OR(H10="",I10=""),"",IF(AND(F10=H10,G10=I10),3,IF(OR(AND(F10> G10,H10>I10),AND(F10= G10,H10=I10),AND(F10< G10,H10<I10)),1,0))) -> 1 | L10: Gakpo | M10: 6.3
A11: 57 | B11: Japón | C11: Suecia | D11: 2 | E11: 1 | F11: 1 | G11: 2 | H11: 1 | I11: 1 | J11: =IF(OR(H11="",I11=""),"",IF(AND(D11=H11,E11=I11),3,IF(OR(AND(D11> E11,H11>I11),AND(D11= E11,H11=I11),AND(D11< E11,H11<I11)),1,0))) -> 0 | K11: =IF(OR(H11="",I11=""),"",IF(AND(F11=H11,G11=I11),3,IF(OR(AND(F11> G11,H11>I11),AND(F11= G11,H11=I11),AND(F11< G11,H11<I11)),1,0))) -> 0
A12: 58 | B12: Paraguay | C12: Australia | D12: 1 | E12: 1 | F12: 1 | G12: 0 | H12: 0 | I12: 0 | J12: =IF(OR(H12="",I12=""),"",IF(AND(D12=H12,E12=I12),3,IF(OR(AND(D12> E12,H12>I12),AND(D12= E12,H12=I12),AND(D12< E12,H12<I12)),1,0))) -> 1 | K12: =IF(OR(H12="",I12=""),"",IF(AND(F12=H12,G12=I12),3,IF(OR(AND(F12> G12,H12>I12),AND(F12= G12,H12=I12),AND(F12< G12,H12<I12)),1,0))) -> 0
A13: 59 | B13: Turquía | C13: EEUU | D13: 1 | E13: 2 | F13: 2 | G13: 0 | H13: 3 | I13: 2 | J13: =IF(OR(H13="",I13=""),"",IF(AND(D13=H13,E13=I13),3,IF(OR(AND(D13> E13,H13>I13),AND(D13= E13,H13=I13),AND(D13< E13,H13<I13)),1,0))) -> 0 | K13: =IF(OR(H13="",I13=""),"",IF(AND(F13=H13,G13=I13),3,IF(OR(AND(F13> G13,H13>I13),AND(F13= G13,H13=I13),AND(F13< G13,H13<I13)),1,0))) -> 1
A14: 60 | B14: Senegal | C14: Irak | D14: 2 | E14: 0 | F14: 3 | G14: 0 | H14: 5 | I14: 0 | J14: =IF(OR(H14="",I14=""),"",IF(AND(D14=H14,E14=I14),3,IF(OR(AND(D14> E14,H14>I14),AND(D14= E14,H14=I14),AND(D14< E14,H14<I14)),1,0))) -> 1 | K14: =IF(OR(H14="",I14=""),"",IF(AND(F14=H14,G14=I14),3,IF(OR(AND(F14> G14,H14>I14),AND(F14= G14,H14=I14),AND(F14< G14,H14<I14)),1,0))) -> 1
A15: 61 | B15: Noruega | C15: Francia | D15: 1 | E15: 3 | F15: 2 | G15: 3 | H15: 1 | I15: 4 | J15: =IF(OR(H15="",I15=""),"",IF(AND(D15=H15,E15=I15),3,IF(OR(AND(D15> E15,H15>I15),AND(D15= E15,H15=I15),AND(D15< E15,H15<I15)),1,0))) -> 1 | K15: =IF(OR(H15="",I15=""),"",IF(AND(F15=H15,G15=I15),3,IF(OR(AND(F15> G15,H15>I15),AND(F15= G15,H15=I15),AND(F15< G15,H15<I15)),1,0))) -> 1
A16: 62 | B16: Uruguay | C16: España | D16: 0 | E16: 2 | F16: 1 | G16: 1 | H16: 0 | I16: 1 | J16: =IF(OR(H16="",I16=""),"",IF(AND(D16=H16,E16=I16),3,IF(OR(AND(D16> E16,H16>I16),AND(D16= E16,H16=I16),AND(D16< E16,H16<I16)),1,0))) -> 1 | K16: =IF(OR(H16="",I16=""),"",IF(AND(F16=H16,G16=I16),3,IF(OR(AND(F16> G16,H16>I16),AND(F16= G16,H16=I16),AND(F16< G16,H16<I16)),1,0))) -> 0
A17: 63 | B17: Cabo Verde | C17: Arabia Saudita | D17: 1 | E17: 0 | F17: 0 | G17: 0 | H17: 0 | I17: 0 | J17: =IF(OR(H17="",I17=""),"",IF(AND(D17=H17,E17=I17),3,IF(OR(AND(D17> E17,H17>I17),AND(D17= E17,H17=I17),AND(D17< E17,H17<I17)),1,0))) -> 0 | K17: =IF(OR(H17="",I17=""),"",IF(AND(F17=H17,G17=I17),3,IF(OR(AND(F17> G17,H17>I17),AND(F17= G17,H17=I17),AND(F17< G17,H17<I17)),1,0))) -> 3
A18: 64 | B18: Egipto | C18: Irán | D18: 1 | E18: 1 | F18: 2 | G18: 1 | H18: 1 | I18: 1 | J18: =IF(OR(H18="",I18=""),"",IF(AND(D18=H18,E18=I18),3,IF(OR(AND(D18> E18,H18>I18),AND(D18= E18,H18=I18),AND(D18< E18,H18<I18)),1,0))) -> 3 | K18: =IF(OR(H18="",I18=""),"",IF(AND(F18=H18,G18=I18),3,IF(OR(AND(F18> G18,H18>I18),AND(F18= G18,H18=I18),AND(F18< G18,H18<I18)),1,0))) -> 0
A19: 65 | B19: Nueva Zelanda | C19: Bélgica | D19: 0 | E19: 2 | F19: 0 | G19: 2 | H19: 1 | I19: 5 | J19: =IF(OR(H19="",I19=""),"",IF(AND(D19=H19,E19=I19),3,IF(OR(AND(D19> E19,H19>I19),AND(D19= E19,H19=I19),AND(D19< E19,H19<I19)),1,0))) -> 1 | K19: =IF(OR(H19="",I19=""),"",IF(AND(F19=H19,G19=I19),3,IF(OR(AND(F19> G19,H19>I19),AND(F19= G19,H19=I19),AND(F19< G19,H19<I19)),1,0))) -> 1
A20: 66 | B20: Panamá | C20: Inglaterra | D20: 0 | E20: 3 | F20: 0 | G20: 3 | J20: =IF(OR(H20="",I20=""),"",IF(AND(D20=H20,E20=I20),3,IF(OR(AND(D20> E20,H20>I20),AND(D20= E20,H20=I20),AND(D20< E20,H20<I20)),1,0))) | K20: =IF(OR(H20="",I20=""),"",IF(AND(F20=H20,G20=I20),3,IF(OR(AND(F20> G20,H20>I20),AND(F20= G20,H20=I20),AND(F20< G20,H20<I20)),1,0)))
A21: 67 | B21: Croacia | C21: Ghana | D21: 2 | E21: 1 | F21: 2 | G21: 1 | J21: =IF(OR(H21="",I21=""),"",IF(AND(D21=H21,E21=I21),3,IF(OR(AND(D21> E21,H21>I21),AND(D21= E21,H21=I21),AND(D21< E21,H21<I21)),1,0))) | K21: =IF(OR(H21="",I21=""),"",IF(AND(F21=H21,G21=I21),3,IF(OR(AND(F21> G21,H21>I21),AND(F21= G21,H21=I21),AND(F21< G21,H21<I21)),1,0)))
A22: 68 | B22: RD Congo | C22: Uzbekistán | D22: 2 | E22: 0 | F22: 2 | G22: 1 | J22: =IF(OR(H22="",I22=""),"",IF(AND(D22=H22,E22=I22),3,IF(OR(AND(D22> E22,H22>I22),AND(D22= E22,H22=I22),AND(D22< E22,H22<I22)),1,0))) | K22: =IF(OR(H22="",I22=""),"",IF(AND(F22=H22,G22=I22),3,IF(OR(AND(F22> G22,H22>I22),AND(F22= G22,H22=I22),AND(F22< G22,H22<I22)),1,0)))
A23: 69 | B23: Colombia | C23: Portugal | D23: 2 | E23: 1 | F23: 1 | G23: 1 | J23: =IF(OR(H23="",I23=""),"",IF(AND(D23=H23,E23=I23),3,IF(OR(AND(D23> E23,H23>I23),AND(D23= E23,H23=I23),AND(D23< E23,H23<I23)),1,0))) | K23: =IF(OR(H23="",I23=""),"",IF(AND(F23=H23,G23=I23),3,IF(OR(AND(F23> G23,H23>I23),AND(F23= G23,H23=I23),AND(F23< G23,H23<I23)),1,0)))
A24: 70 | B24: Argelia | C24: Austria | D24: 1 | E24: 2 | F24: 0 | G24: 2 | J24: =IF(OR(H24="",I24=""),"",IF(AND(D24=H24,E24=I24),3,IF(OR(AND(D24> E24,H24>I24),AND(D24= E24,H24=I24),AND(D24< E24,H24<I24)),1,0))) | K24: =IF(OR(H24="",I24=""),"",IF(AND(F24=H24,G24=I24),3,IF(OR(AND(F24> G24,H24>I24),AND(F24= G24,H24=I24),AND(F24< G24,H24<I24)),1,0)))
A25: 71 | B25: Argentina | C25: Jordania | D25: 3 | E25: 0 | F25: 3 | G25: 0 | J25: =IF(OR(H25="",I25=""),"",IF(AND(D25=H25,E25=I25),3,IF(OR(AND(D25> E25,H25>I25),AND(D25= E25,H25=I25),AND(D25< E25,H25<I25)),1,0))) | K25: =IF(OR(H25="",I25=""),"",IF(AND(F25=H25,G25=I25),3,IF(OR(AND(F25> G25,H25>I25),AND(F25= G25,H25=I25),AND(F25< G25,H25<I25)),1,0)))

Sheet group-stage-2
A1: match_id | B1: team_1 | C1: team_2 | D1: lucas_result_team_1 | E1: lucas_result_team_2 | F1: tomas_result_team_1 | G1: tomas_result_team_2 | H1: result_team_1 | I1: result_team_2 | J1: pts_lucas | K1: pts_tomas | L1: lucas_player_name | M1: lucas_player_pts | N1: tomas_player_name | O1: tomas_player_pts
A2: 24 | B2: Rep. Checa | C2: Sudáfrica | D2: 2 | E2: 0 | F2: 2 | G2: 0 | H2: 1 | I2: 1 | J2: =IF(OR(H2="",I2=""),"",IF(AND(D2=H2,E2=I2),3,IF(OR(AND(D2> E2,H2>I2),AND(D2= E2,H2=I2),AND(D2< E2,H2<I2)),1,0))) -> 0 | K2: =IF(OR(H2="",I2=""),"",IF(AND(F2=H2,G2=I2),3,IF(OR(AND(F2> G2,H2>I2),AND(F2= G2,H2=I2),AND(F2< G2,H2<I2)),1,0))) -> 0
A3: 25 | B3: Suiza | C3: Bosnia | D3: 1 | E3: 2 | F3: 1 | G3: 1 | H3: 4 | I3: 1 | J3: =IF(OR(H3="",I3=""),"",IF(AND(D3=H3,E3=I3),3,IF(OR(AND(D3> E3,H3>I3),AND(D3= E3,H3=I3),AND(D3< E3,H3<I3)),1,0))) -> 0 | K3: =IF(OR(H3="",I3=""),"",IF(AND(F3=H3,G3=I3),3,IF(OR(AND(F3> G3,H3>I3),AND(F3= G3,H3=I3),AND(F3< G3,H3<I3)),1,0))) -> 0
A4: 26 | B4: Canadá | C4: Qatar | D4: 1 | E4: 0 | F4: 2 | G4: 0 | H4: 6 | I4: 0 | J4: =IF(OR(H4="",I4=""),"",IF(AND(D4=H4,E4=I4),3,IF(OR(AND(D4> E4,H4>I4),AND(D4= E4,H4=I4),AND(D4< E4,H4<I4)),1,0))) -> 1 | K4: =IF(OR(H4="",I4=""),"",IF(AND(F4=H4,G4=I4),3,IF(OR(AND(F4> G4,H4>I4),AND(F4= G4,H4=I4),AND(F4< G4,H4<I4)),1,0))) -> 1
A5: 27 | B5: México | C5: Corea del Sur | D5: 2 | E5: 2 | F5: 1 | G5: 2 | H5: 1 | I5: 0 | J5: =IF(OR(H5="",I5=""),"",IF(AND(D5=H5,E5=I5),3,IF(OR(AND(D5> E5,H5>I5),AND(D5= E5,H5=I5),AND(D5< E5,H5<I5)),1,0))) -> 0 | K5: =IF(OR(H5="",I5=""),"",IF(AND(F5=H5,G5=I5),3,IF(OR(AND(F5> G5,H5>I5),AND(F5= G5,H5=I5),AND(F5< G5,H5<I5)),1,0))) -> 0
A6: 28 | B6: EEUU | C6: Australia | D6: 2 | E6: 0 | F6: 3 | G6: 0 | H6: 2 | I6: 0 | J6: =IF(OR(H6="",I6=""),"",IF(AND(D6=H6,E6=I6),3,IF(OR(AND(D6> E6,H6>I6),AND(D6= E6,H6=I6),AND(D6< E6,H6<I6)),1,0))) -> 3 | K6: =IF(OR(H6="",I6=""),"",IF(AND(F6=H6,G6=I6),3,IF(OR(AND(F6> G6,H6>I6),AND(F6= G6,H6=I6),AND(F6< G6,H6<I6)),1,0))) -> 1
A7: 29 | B7: Escocia | C7: Marruecos | D7: 0 | E7: 2 | F7: 0 | G7: 2 | H7: 0 | I7: 1 | J7: =IF(OR(H7="",I7=""),"",IF(AND(D7=H7,E7=I7),3,IF(OR(AND(D7> E7,H7>I7),AND(D7= E7,H7=I7),AND(D7< E7,H7<I7)),1,0))) -> 1 | K7: =IF(OR(H7="",I7=""),"",IF(AND(F7=H7,G7=I7),3,IF(OR(AND(F7> G7,H7>I7),AND(F7= G7,H7=I7),AND(F7< G7,H7<I7)),1,0))) -> 1
A8: 30 | B8: Brasil | C8: Haití | D8: 3 | E8: 0 | F8: 4 | G8: 0 | H8: 3 | I8: 0 | J8: =IF(OR(H8="",I8=""),"",IF(AND(D8=H8,E8=I8),3,IF(OR(AND(D8> E8,H8>I8),AND(D8= E8,H8=I8),AND(D8< E8,H8<I8)),1,0))) -> 3 | K8: =IF(OR(H8="",I8=""),"",IF(AND(F8=H8,G8=I8),3,IF(OR(AND(F8> G8,H8>I8),AND(F8= G8,H8=I8),AND(F8< G8,H8<I8)),1,0))) -> 1 | N8: Vinicius | O8: 8
A9: 31 | B9: Turquía | C9: Paraguay | D9: 0 | E9: 1 | F9: 0 | G9: 1 | H9: 0 | I9: 1 | J9: =IF(OR(H9="",I9=""),"",IF(AND(D9=H9,E9=I9),3,IF(OR(AND(D9> E9,H9>I9),AND(D9= E9,H9=I9),AND(D9< E9,H9<I9)),1,0))) -> 3 | K9: =IF(OR(H9="",I9=""),"",IF(AND(F9=H9,G9=I9),3,IF(OR(AND(F9> G9,H9>I9),AND(F9= G9,H9=I9),AND(F9< G9,H9<I9)),1,0))) -> 3
A10: 32 | B10: Holanda | C10: Suecia | D10: 1 | E10: 1 | F10: 2 | G10: 1 | H10: 5 | I10: 1 | J10: =IF(OR(H10="",I10=""),"",IF(AND(D10=H10,E10=I10),3,IF(OR(AND(D10> E10,H10>I10),AND(D10= E10,H10=I10),AND(D10< E10,H10<I10)),1,0))) -> 0 | K10: =IF(OR(H10="",I10=""),"",IF(AND(F10=H10,G10=I10),3,IF(OR(AND(F10> G10,H10>I10),AND(F10= G10,H10=I10),AND(F10< G10,H10<I10)),1,0))) -> 1
A11: 33 | B11: Alemania | C11: Costa de Marfil | D11: 3 | E11: 1 | F11: 3 | G11: 1 | H11: 2 | I11: 1 | J11: =IF(OR(H11="",I11=""),"",IF(AND(D11=H11,E11=I11),3,IF(OR(AND(D11> E11,H11>I11),AND(D11= E11,H11=I11),AND(D11< E11,H11<I11)),1,0))) -> 1 | K11: =IF(OR(H11="",I11=""),"",IF(AND(F11=H11,G11=I11),3,IF(OR(AND(F11> G11,H11>I11),AND(F11= G11,H11=I11),AND(F11< G11,H11<I11)),1,0))) -> 1 | L11: Havertz | M11: 6.1
A12: 34 | B12: Ecuador | C12: Curazao | D12: 3 | E12: 0 | F12: 4 | G12: 0 | H12: 0 | I12: 0 | J12: =IF(OR(H12="",I12=""),"",IF(AND(D12=H12,E12=I12),3,IF(OR(AND(D12> E12,H12>I12),AND(D12= E12,H12=I12),AND(D12< E12,H12<I12)),1,0))) -> 0 | K12: =IF(OR(H12="",I12=""),"",IF(AND(F12=H12,G12=I12),3,IF(OR(AND(F12> G12,H12>I12),AND(F12= G12,H12=I12),AND(F12< G12,H12<I12)),1,0))) -> 0
A13: 35 | B13: Túnez | C13: Japón | D13: 1 | E13: 2 | F13: 0 | G13: 2 | H13: 0 | I13: 4 | J13: =IF(OR(H13="",I13=""),"",IF(AND(D13=H13,E13=I13),3,IF(OR(AND(D13> E13,H13>I13),AND(D13= E13,H13=I13),AND(D13< E13,H13<I13)),1,0))) -> 1 | K13: =IF(OR(H13="",I13=""),"",IF(AND(F13=H13,G13=I13),3,IF(OR(AND(F13> G13,H13>I13),AND(F13= G13,H13=I13),AND(F13< G13,H13<I13)),1,0))) -> 1
A14: 36 | B14: España | C14: Arabia Saudita | D14: 2 | E14: 0 | F14: 3 | G14: 0 | H14: 4 | I14: 0 | J14: =IF(OR(H14="",I14=""),"",IF(AND(D14=H14,E14=I14),3,IF(OR(AND(D14> E14,H14>I14),AND(D14= E14,H14=I14),AND(D14< E14,H14<I14)),1,0))) -> 1 | K14: =IF(OR(H14="",I14=""),"",IF(AND(F14=H14,G14=I14),3,IF(OR(AND(F14> G14,H14>I14),AND(F14= G14,H14=I14),AND(F14< G14,H14<I14)),1,0))) -> 1
A15: 37 | B15: Bélgica | C15: Irán | D15: 3 | E15: 1 | F15: 2 | G15: 0 | H15: 0 | I15: 0 | J15: =IF(OR(H15="",I15=""),"",IF(AND(D15=H15,E15=I15),3,IF(OR(AND(D15> E15,H15>I15),AND(D15= E15,H15=I15),AND(D15< E15,H15<I15)),1,0))) -> 0 | K15: =IF(OR(H15="",I15=""),"",IF(AND(F15=H15,G15=I15),3,IF(OR(AND(F15> G15,H15>I15),AND(F15= G15,H15=I15),AND(F15< G15,H15<I15)),1,0))) -> 0
A16: 38 | B16: Uruguay | C16: Cabo Verde | D16: 3 | E16: 0 | F16: 2 | G16: 0 | H16: 2 | I16: 2 | J16: =IF(OR(H16="",I16=""),"",IF(AND(D16=H16,E16=I16),3,IF(OR(AND(D16> E16,H16>I16),AND(D16= E16,H16=I16),AND(D16< E16,H16<I16)),1,0))) -> 0 | K16: =IF(OR(H16="",I16=""),"",IF(AND(F16=H16,G16=I16),3,IF(OR(AND(F16> G16,H16>I16),AND(F16= G16,H16=I16),AND(F16< G16,H16<I16)),1,0))) -> 0
A17: 39 | B17: Nueva Zelanda | C17: Egipto | D17: 1 | E17: 2 | F17: 0 | G17: 2 | H17: 1 | I17: 3 | J17: =IF(OR(H17="",I17=""),"",IF(AND(D17=H17,E17=I17),3,IF(OR(AND(D17> E17,H17>I17),AND(D17= E17,H17=I17),AND(D17< E17,H17<I17)),1,0))) -> 1 | K17: =IF(OR(H17="",I17=""),"",IF(AND(F17=H17,G17=I17),3,IF(OR(AND(F17> G17,H17>I17),AND(F17= G17,H17=I17),AND(F17< G17,H17<I17)),1,0))) -> 1
A18: 40 | B18: Argentina | C18: Austria | D18: 2 | E18: 2 | F18: 2 | G18: 1 | H18: 2 | I18: 0 | J18: =IF(OR(H18="",I18=""),"",IF(AND(D18=H18,E18=I18),3,IF(OR(AND(D18> E18,H18>I18),AND(D18= E18,H18=I18),AND(D18< E18,H18<I18)),1,0))) -> 0 | K18: =IF(OR(H18="",I18=""),"",IF(AND(F18=H18,G18=I18),3,IF(OR(AND(F18> G18,H18>I18),AND(F18= G18,H18=I18),AND(F18< G18,H18<I18)),1,0))) -> 1
A19: 41 | B19: Francia | C19: Irak | D19: 4 | E19: 0 | F19: 3 | G19: 0 | H19: 3 | I19: 0 | J19: =IF(OR(H19="",I19=""),"",IF(AND(D19=H19,E19=I19),3,IF(OR(AND(D19> E19,H19>I19),AND(D19= E19,H19=I19),AND(D19< E19,H19<I19)),1,0))) -> 1 | K19: =IF(OR(H19="",I19=""),"",IF(AND(F19=H19,G19=I19),3,IF(OR(AND(F19> G19,H19>I19),AND(F19= G19,H19=I19),AND(F19< G19,H19<I19)),1,0))) -> 3
A20: 42 | B20: Noruega | C20: Senegal | D20: 3 | E20: 2 | F20: 2 | G20: 1 | H20: 3 | I20: 2 | J20: =IF(OR(H20="",I20=""),"",IF(AND(D20=H20,E20=I20),3,IF(OR(AND(D20> E20,H20>I20),AND(D20= E20,H20=I20),AND(D20< E20,H20<I20)),1,0))) -> 3 | K20: =IF(OR(H20="",I20=""),"",IF(AND(F20=H20,G20=I20),3,IF(OR(AND(F20> G20,H20>I20),AND(F20= G20,H20=I20),AND(F20< G20,H20<I20)),1,0))) -> 1
A21: 43 | B21: Jordania | C21: Argelia | D21: 0 | E21: 2 | F21: 0 | G21: 2 | H21: 1 | I21: 2 | J21: =IF(OR(H21="",I21=""),"",IF(AND(D21=H21,E21=I21),3,IF(OR(AND(D21> E21,H21>I21),AND(D21= E21,H21=I21),AND(D21< E21,H21<I21)),1,0))) -> 1 | K21: =IF(OR(H21="",I21=""),"",IF(AND(F21=H21,G21=I21),3,IF(OR(AND(F21> G21,H21>I21),AND(F21= G21,H21=I21),AND(F21< G21,H21<I21)),1,0))) -> 1
A22: 44 | B22: Portugal | C22: Uzbekistán | D22: 3 | E22: 0 | F22: 3 | G22: 0 | H22: 5 | I22: 0 | J22: =IF(OR(H22="",I22=""),"",IF(AND(D22=H22,E22=I22),3,IF(OR(AND(D22> E22,H22>I22),AND(D22= E22,H22=I22),AND(D22< E22,H22<I22)),1,0))) -> 1 | K22: =IF(OR(H22="",I22=""),"",IF(AND(F22=H22,G22=I22),3,IF(OR(AND(F22> G22,H22>I22),AND(F22= G22,H22=I22),AND(F22< G22,H22<I22)),1,0))) -> 1
A23: 45 | B23: Inglaterra | C23: Ghana | D23: 3 | E23: 1 | F23: 2 | G23: 1 | H23: 0 | I23: 0 | J23: =IF(OR(H23="",I23=""),"",IF(AND(D23=H23,E23=I23),3,IF(OR(AND(D23> E23,H23>I23),AND(D23= E23,H23=I23),AND(D23< E23,H23<I23)),1,0))) -> 0 | K23: =IF(OR(H23="",I23=""),"",IF(AND(F23=H23,G23=I23),3,IF(OR(AND(F23> G23,H23>I23),AND(F23= G23,H23=I23),AND(F23< G23,H23<I23)),1,0))) -> 0
... A25: 47 | B25: Colombia | C25: RD Congo | D25: 2 | E25: 0 | F25: 3 | G25: 0 | H25: 1 | I25: 0 | J25: =IF(OR(H25="",I25=""),"",IF(AND(D25=H25,E25=I25),3,IF(OR(AND(D25> E25,H25>I25),AND(D25= E25,H25=I25),AND(D25< E25,H25<I25)),1,0))) -> 1 | K25: =IF(OR(H25="",I25=""),"",IF(AND(F25=H25,G25=I25),3,IF(OR(AND(F25> G25,H25>I25),AND(F25= G25,H25=I25),AND(F25< G25,H25<I25)),1,0))) -> 1

Sheet group-stage-1
A1: match_id | B1: team_1 | C1: team_2 | D1: lucas_result_team_1 | E1: lucas_result_team_2 | F1: tomas_result_team_1 | G1: tomas_result_team_2 | H1: result_team_1 | I1: result_team_2 | J1: pts_lucas | K1: pts_tomas | L1: lucas_player_name | M1: lucas_player_pts | N1: tomas_player_name | O1: tomas_player_pts
A2: 1 | B2: Corea del Sur | C2: Rep. Checa | D2: 0 | E2: 1 | F2: 1 | G2: 1 | H2: 2 | I2: 1 | J2: =IF(OR(H2="",I2=""),"",IF(AND(D2=H2,E2=I2),3,IF(OR(AND(D2> E2,H2>I2),AND(D2= E2,H2=I2),AND(D2< E2,H2<I2)),1,0))) -> 0 | K2: =IF(OR(H2="",I2=""),"",IF(AND(F2=H2,G2=I2),3,IF(OR(AND(F2> G2,H2>I2),AND(F2= G2,H2=I2),AND(F2< G2,H2<I2)),1,0))) -> 0
A3: 2 | B3: Canadá | C3: Bosnia | D3: 2 | E3: 1 | F3: 2 | G3: 1 | H3: 1 | I3: 1 | J3: =IF(OR(H3="",I3=""),"",IF(AND(D3=H3,E3=I3),3,IF(OR(AND(D3> E3,H3>I3),AND(D3= E3,H3=I3),AND(D3< E3,H3<I3)),1,0))) -> 0 | K3: =IF(OR(H3="",I3=""),"",IF(AND(F3=H3,G3=I3),3,IF(OR(AND(F3> G3,H3>I3),AND(F3= G3,H3=I3),AND(F3< G3,H3<I3)),1,0))) -> 0
A4: 3 | B4: EEUU | C4: Paraguay | D4: 2 | E4: 0 | F4: 1 | G4: 1 | H4: 4 | I4: 1 | J4: =IF(OR(H4="",I4=""),"",IF(AND(D4=H4,E4=I4),3,IF(OR(AND(D4> E4,H4>I4),AND(D4= E4,H4=I4),AND(D4< E4,H4<I4)),1,0))) -> 1 | K4: =IF(OR(H4="",I4=""),"",IF(AND(F4=H4,G4=I4),3,IF(OR(AND(F4> G4,H4>I4),AND(F4= G4,H4=I4),AND(F4< G4,H4<I4)),1,0))) -> 0
A5: 4 | B5: Catar | C5: Suiza | D5: 0 | E5: 3 | F5: 0 | G5: 2 | H5: 1 | I5: 1 | J5: =IF(OR(H5="",I5=""),"",IF(AND(D5=H5,E5=I5),3,IF(OR(AND(D5> E5,H5>I5),AND(D5= E5,H5=I5),AND(D5< E5,H5<I5)),1,0))) -> 0 | K5: =IF(OR(H5="",I5=""),"",IF(AND(F5=H5,G5=I5),3,IF(OR(AND(F5> G5,H5>I5),AND(F5= G5,H5=I5),AND(F5< G5,H5<I5)),1,0))) -> 0
A6: 5 | B6: Brasil | C6: Marruecos | D6: 2 | E6: 2 | F6: 2 | G6: 1 | H6: 1 | I6: 1 | J6: =IF(OR(H6="",I6=""),"",IF(AND(D6=H6,E6=I6),3,IF(OR(AND(D6> E6,H6>I6),AND(D6= E6,H6=I6),AND(D6< E6,H6<I6)),1,0))) -> 1 | K6: =IF(OR(H6="",I6=""),"",IF(AND(F6=H6,G6=I6),3,IF(OR(AND(F6> G6,H6>I6),AND(F6= G6,H6=I6),AND(F6< G6,H6<I6)),1,0))) -> 0
A7: 6 | B7: Haití | C7: Escocia | D7: 0 | E7: 2 | F7: 0 | G7: 2 | H7: 0 | I7: 1 | J7: =IF(OR(H7="",I7=""),"",IF(AND(D7=H7,E7=I7),3,IF(OR(AND(D7> E7,H7>I7),AND(D7= E7,H7=I7),AND(D7< E7,H7<I7)),1,0))) -> 1 | K7: =IF(OR(H7="",I7=""),"",IF(AND(F7=H7,G7=I7),3,IF(OR(AND(F7> G7,H7>I7),AND(F7= G7,H7=I7),AND(F7< G7,H7<I7)),1,0))) -> 1
A8: 7 | B8: Australia | C8: Turquía | D8: 1 | E8: 2 | F8: 0 | G8: 2 | H8: 2 | I8: 0 | J8: =IF(OR(H8="",I8=""),"",IF(AND(D8=H8,E8=I8),3,IF(OR(AND(D8> E8,H8>I8),AND(D8= E8,H8=I8),AND(D8< E8,H8<I8)),1,0))) -> 0 | K8: =IF(OR(H8="",I8=""),"",IF(AND(F8=H8,G8=I8),3,IF(OR(AND(F8> G8,H8>I8),AND(F8= G8,H8=I8),AND(F8< G8,H8<I8)),1,0))) -> 0
A9: 8 | B9: Alemania | C9: Curazao | D9: 4 | E9: 0 | F9: 4 | G9: 0 | H9: 7 | I9: 1 | J9: =IF(OR(H9="",I9=""),"",IF(AND(D9=H9,E9=I9),3,IF(OR(AND(D9> E9,H9>I9),AND(D9= E9,H9=I9),AND(D9< E9,H9<I9)),1,0))) -> 1 | K9: =IF(OR(H9="",I9=""),"",IF(AND(F9=H9,G9=I9),3,IF(OR(AND(F9> G9,H9>I9),AND(F9= G9,H9=I9),AND(F9< G9,H9<I9)),1,0))) -> 1
A10: 9 | B10: Holanda | C10: Japón | D10: 2 | E10: 1 | F10: 2 | G10: 1 | H10: 2 | I10: 2 | J10: =IF(OR(H10="",I10=""),"",IF(AND(D10=H10,E10=I10),3,IF(OR(AND(D10> E10,H10>I10),AND(D10= E10,H10=I10),AND(D10< E10,H10<I10)),1,0))) -> 0 | K10: =IF(OR(H10="",I10=""),"",IF(AND(F10=H10,G10=I10),3,IF(OR(AND(F10> G10,H10>I10),AND(F10= G10,H10=I10),AND(F10< G10,H10<I10)),1,0))) -> 0
A11: 10 | B11: Costa de Marfil | C11: Ecuador | D11: 2 | E11: 2 | F11: 1 | G11: 1 | H11: 1 | I11: 0 | J11: =IF(OR(H11="",I11=""),"",IF(AND(D11=H11,E11=I11),3,IF(OR(AND(D11> E11,H11>I11),AND(D11= E11,H11=I11),AND(D11< E11,H11<I11)),1,0))) -> 0 | K11: =IF(OR(H11="",I11=""),"",IF(AND(F11=H11,G11=I11),3,IF(OR(AND(F11> G11,H11>I11),AND(F11= G11,H11=I11),AND(F11< G11,H11<I11)),1,0))) -> 0
A12: 11 | B12: Suecia | C12: Túnez | D12: 2 | E12: 0 | F12: 3 | G12: 0 | H12: 5 | I12: 1 | J12: =IF(OR(H12="",I12=""),"",IF(AND(D12=H12,E12=I12),3,IF(OR(AND(D12> E12,H12>I12),AND(D12= E12,H12=I12),AND(D12< E12,H12<I12)),1,0))) -> 1 | K12: =IF(OR(H12="",I12=""),"",IF(AND(F12=H12,G12=I12),3,IF(OR(AND(F12> G12,H12>I12),AND(F12= G12,H12=I12),AND(F12< G12,H12<I12)),1,0))) -> 1
A13: 12 | B13: España | C13: Cabo Verde | D13: 5 | E13: 0 | F13: 4 | G13: 0 | H13: 0 | I13: 0 | J13: =IF(OR(H13="",I13=""),"",IF(AND(D13=H13,E13=I13),3,IF(OR(AND(D13> E13,H13>I13),AND(D13= E13,H13=I13),AND(D13< E13,H13<I13)),1,0))) -> 0 | K13: =IF(OR(H13="",I13=""),"",IF(AND(F13=H13,G13=I13),3,IF(OR(AND(F13> G13,H13>I13),AND(F13= G13,H13=I13),AND(F13< G13,H13<I13)),1,0))) -> 0
... A24: 23 | B24: Uzbekistán | C24: Colombia | D24: 0 | E24: 3 | F24: 0 | G24: 3 | H24: 1 | I24: 3 | J24: =IF(OR(H24="",I24=""),"",IF(AND(D24=H24,E24=I24),3,IF(OR(AND(D24> E24,H24>I24),AND(D24= E24,H24=I24),AND(D24< E24,H24<I24)),1,0))) -> 1 | K24: =IF(OR(H24="",I24=""),"",IF(AND(F24=H24,G24=I24),3,IF(OR(AND(F24> G24,H24>I24),AND(F24= G24,H24=I24),AND(F24< G24,H24<I24)),1,0))) -> 1
